start_times,query_times,end_times,correctness
1747506765.5406485,1747506829.3548248,1747506829.3588119,False
